{"7": {"trend": 0.964695327, "seasonality": 2.7925391050000004}, "13": {"trend": 0.15232031499999998, "seasonality": 1.4724297100000001}, "19": {"seasonality": 0.7763720289570248}}